Channel1,Channel2,Channel3
4827.570588235294,3446.758823529412,3436.576470588235
