Channel1,Channel2,Channel3
2156.2294117647057,1188.8764705882354,2136.6235294117646
