Channel1,Channel2,Channel3
2136.258823529412,1627.4588235294118,2022.264705882353
